"retailer_id","item_group_id","title","description","image_link","availability","price","condition","link","color","gender","google_product_category","country_of_origin"
"BL-F-1","BLOUSE-FRONT","Blouse Front Design 1","Premium blouse front design for custom tailoring","https://res.cloudinary.com/dfyweag7e/image/upload/v1775741777/blouse/frontdesigns/front_blouse_21_ltiq8y.png","in stock","0 INR","new","https://res.cloudinary.com/dfyweag7e/image/upload/v1775741777/blouse/frontdesigns/front_blouse_21_ltiq8y.png","Multi","female","Apparel & Accessories > Clothing","India"
"BL-F-2","BLOUSE-FRONT","Blouse Front Design 2","Premium blouse front design for custom tailoring","https://res.cloudinary.com/dfyweag7e/image/upload/v1775741776/blouse/frontdesigns/front_blouse_20_j2yitj.png","in stock","0 INR","new","https://res.cloudinary.com/dfyweag7e/image/upload/v1775741776/blouse/frontdesigns/front_blouse_20_j2yitj.png","Multi","female","Apparel & Accessories > Clothing","India"
"BL-F-3","BLOUSE-FRONT","Blouse Front Design 3","Premium blouse front design for custom tailoring","https://res.cloudinary.com/dfyweag7e/image/upload/v1775741776/blouse/frontdesigns/front_blouse_19_uhfkkl.png","in stock","0 INR","new","https://res.cloudinary.com/dfyweag7e/image/upload/v1775741776/blouse/frontdesigns/front_blouse_19_uhfkkl.png","Multi","female","Apparel & Accessories > Clothing","India"
"BL-F-4","BLOUSE-FRONT","Blouse Front Design 4","Premium blouse front design for custom tailoring","https://res.cloudinary.com/dfyweag7e/image/upload/v1775741775/blouse/frontdesigns/front_blouse_18_mtssqd.png","in stock","0 INR","new","https://res.cloudinary.com/dfyweag7e/image/upload/v1775741775/blouse/frontdesigns/front_blouse_18_mtssqd.png","Multi","female","Apparel & Accessories > Clothing","India"
"BL-F-5","BLOUSE-FRONT","Blouse Front Design 5","Premium blouse front design for custom tailoring","https://res.cloudinary.com/dfyweag7e/image/upload/v1775741775/blouse/frontdesigns/front_blouse_17_ry0whl.png","in stock","0 INR","new","https://res.cloudinary.com/dfyweag7e/image/upload/v1775741775/blouse/frontdesigns/front_blouse_17_ry0whl.png","Multi","female","Apparel & Accessories > Clothing","India"
"BL-F-6","BLOUSE-FRONT","Blouse Front Design 6","Premium blouse front design for custom tailoring","https://res.cloudinary.com/dfyweag7e/image/upload/v1775741774/blouse/frontdesigns/front_blouse_16_kkjb2f.png","in stock","0 INR","new","https://res.cloudinary.com/dfyweag7e/image/upload/v1775741774/blouse/frontdesigns/front_blouse_16_kkjb2f.png","Multi","female","Apparel & Accessories > Clothing","India"
"BL-F-7","BLOUSE-FRONT","Blouse Front Design 7","Premium blouse front design for custom tailoring","https://res.cloudinary.com/dfyweag7e/image/upload/v1775741774/blouse/frontdesigns/front_blouse_14_l1viiz.png","in stock","0 INR","new","https://res.cloudinary.com/dfyweag7e/image/upload/v1775741774/blouse/frontdesigns/front_blouse_14_l1viiz.png","Multi","female","Apparel & Accessories > Clothing","India"
"BL-F-8","BLOUSE-FRONT","Blouse Front Design 8","Premium blouse front design for custom tailoring","https://res.cloudinary.com/dfyweag7e/image/upload/v1775741774/blouse/frontdesigns/front_blouse_15_z1a92r.png","in stock","0 INR","new","https://res.cloudinary.com/dfyweag7e/image/upload/v1775741774/blouse/frontdesigns/front_blouse_15_z1a92r.png","Multi","female","Apparel & Accessories > Clothing","India"
"BL-F-9","BLOUSE-FRONT","Blouse Front Design 9","Premium blouse front design for custom tailoring","https://res.cloudinary.com/dfyweag7e/image/upload/v1775741773/blouse/frontdesigns/front_blouse_13_ovubch.png","in stock","0 INR","new","https://res.cloudinary.com/dfyweag7e/image/upload/v1775741773/blouse/frontdesigns/front_blouse_13_ovubch.png","Multi","female","Apparel & Accessories > Clothing","India"
"BL-F-10","BLOUSE-FRONT","Blouse Front Design 10","Premium blouse front design for custom tailoring","https://res.cloudinary.com/dfyweag7e/image/upload/v1775741773/blouse/frontdesigns/front_blouse_12_fvo9ds.png","in stock","0 INR","new","https://res.cloudinary.com/dfyweag7e/image/upload/v1775741773/blouse/frontdesigns/front_blouse_12_fvo9ds.png","Multi","female","Apparel & Accessories > Clothing","India"
"BL-F-11","BLOUSE-FRONT","Blouse Front Design 11","Premium blouse front design for custom tailoring","https://res.cloudinary.com/dfyweag7e/image/upload/v1775741772/blouse/frontdesigns/front_blouse_11_dmyzm2.png","in stock","0 INR","new","https://res.cloudinary.com/dfyweag7e/image/upload/v1775741772/blouse/frontdesigns/front_blouse_11_dmyzm2.png","Multi","female","Apparel & Accessories > Clothing","India"
"BL-F-12","BLOUSE-FRONT","Blouse Front Design 12","Premium blouse front design for custom tailoring","https://res.cloudinary.com/dfyweag7e/image/upload/v1775741772/blouse/frontdesigns/front_blouse_10_b7cdwi.png","in stock","0 INR","new","https://res.cloudinary.com/dfyweag7e/image/upload/v1775741772/blouse/frontdesigns/front_blouse_10_b7cdwi.png","Multi","female","Apparel & Accessories > Clothing","India"
"BL-F-13","BLOUSE-FRONT","Blouse Front Design 13","Premium blouse front design for custom tailoring","https://res.cloudinary.com/dfyweag7e/image/upload/v1775741771/blouse/frontdesigns/front_blouse_9_geybbt.png","in stock","0 INR","new","https://res.cloudinary.com/dfyweag7e/image/upload/v1775741771/blouse/frontdesigns/front_blouse_9_geybbt.png","Multi","female","Apparel & Accessories > Clothing","India"
"BL-F-14","BLOUSE-FRONT","Blouse Front Design 14","Premium blouse front design for custom tailoring","https://res.cloudinary.com/dfyweag7e/image/upload/v1775741771/blouse/frontdesigns/front_blouse_6_xppbkk.png","in stock","0 INR","new","https://res.cloudinary.com/dfyweag7e/image/upload/v1775741771/blouse/frontdesigns/front_blouse_6_xppbkk.png","Multi","female","Apparel & Accessories > Clothing","India"
"BL-F-15","BLOUSE-FRONT","Blouse Front Design 15","Premium blouse front design for custom tailoring","https://res.cloudinary.com/dfyweag7e/image/upload/v1775741771/blouse/frontdesigns/front_blouse_8_tamkzx.png","in stock","0 INR","new","https://res.cloudinary.com/dfyweag7e/image/upload/v1775741771/blouse/frontdesigns/front_blouse_8_tamkzx.png","Multi","female","Apparel & Accessories > Clothing","India"
"BL-F-16","BLOUSE-FRONT","Blouse Front Design 16","Premium blouse front design for custom tailoring","https://res.cloudinary.com/dfyweag7e/image/upload/v1775741771/blouse/frontdesigns/front_blouse_7_jrzair.png","in stock","0 INR","new","https://res.cloudinary.com/dfyweag7e/image/upload/v1775741771/blouse/frontdesigns/front_blouse_7_jrzair.png","Multi","female","Apparel & Accessories > Clothing","India"
"BL-F-17","BLOUSE-FRONT","Blouse Front Design 17","Premium blouse front design for custom tailoring","https://res.cloudinary.com/dfyweag7e/image/upload/v1775741771/blouse/frontdesigns/front_blouse_5_if5wwk.png","in stock","0 INR","new","https://res.cloudinary.com/dfyweag7e/image/upload/v1775741771/blouse/frontdesigns/front_blouse_5_if5wwk.png","Multi","female","Apparel & Accessories > Clothing","India"
"BL-F-18","BLOUSE-FRONT","Blouse Front Design 18","Premium blouse front design for custom tailoring","https://res.cloudinary.com/dfyweag7e/image/upload/v1775741770/blouse/frontdesigns/front_blouse_3_pqkfq6.png","in stock","0 INR","new","https://res.cloudinary.com/dfyweag7e/image/upload/v1775741770/blouse/frontdesigns/front_blouse_3_pqkfq6.png","Multi","female","Apparel & Accessories > Clothing","India"
"BL-F-19","BLOUSE-FRONT","Blouse Front Design 19","Premium blouse front design for custom tailoring","https://res.cloudinary.com/dfyweag7e/image/upload/v1775741770/blouse/frontdesigns/front_blouse_4_pm7vec.png","in stock","0 INR","new","https://res.cloudinary.com/dfyweag7e/image/upload/v1775741770/blouse/frontdesigns/front_blouse_4_pm7vec.png","Multi","female","Apparel & Accessories > Clothing","India"
"BL-F-20","BLOUSE-FRONT","Blouse Front Design 20","Premium blouse front design for custom tailoring","https://res.cloudinary.com/dfyweag7e/image/upload/v1775741770/blouse/frontdesigns/front_blouse_2_xutz9i.png","in stock","0 INR","new","https://res.cloudinary.com/dfyweag7e/image/upload/v1775741770/blouse/frontdesigns/front_blouse_2_xutz9i.png","Multi","female","Apparel & Accessories > Clothing","India"
"BL-F-21","BLOUSE-FRONT","Blouse Front Design 21","Premium blouse front design for custom tailoring","https://res.cloudinary.com/dfyweag7e/image/upload/v1775741770/blouse/frontdesigns/front_blouse_1_zvkcux.png","in stock","0 INR","new","https://res.cloudinary.com/dfyweag7e/image/upload/v1775741770/blouse/frontdesigns/front_blouse_1_zvkcux.png","Multi","female","Apparel & Accessories > Clothing","India"
"BL-B-1","BLOUSE-BACK","Blouse Back Design 1","Premium blouse back design for custom tailoring","https://res.cloudinary.com/dfyweag7e/image/upload/v1775741844/blouse/backdesigns/back_blouse_60_k8dxbz.png","in stock","0 INR","new","https://res.cloudinary.com/dfyweag7e/image/upload/v1775741844/blouse/backdesigns/back_blouse_60_k8dxbz.png","Multi","female","Apparel & Accessories > Clothing","India"
"BL-B-2","BLOUSE-BACK","Blouse Back Design 2","Premium blouse back design for custom tailoring","https://res.cloudinary.com/dfyweag7e/image/upload/v1775741843/blouse/backdesigns/back_blouse_59_ljprjw.png","in stock","0 INR","new","https://res.cloudinary.com/dfyweag7e/image/upload/v1775741843/blouse/backdesigns/back_blouse_59_ljprjw.png","Multi","female","Apparel & Accessories > Clothing","India"
"BL-B-3","BLOUSE-BACK","Blouse Back Design 3","Premium blouse back design for custom tailoring","https://res.cloudinary.com/dfyweag7e/image/upload/v1775741842/blouse/backdesigns/back_blouse_58_kbeuck.png","in stock","0 INR","new","https://res.cloudinary.com/dfyweag7e/image/upload/v1775741842/blouse/backdesigns/back_blouse_58_kbeuck.png","Multi","female","Apparel & Accessories > Clothing","India"
"BL-B-4","BLOUSE-BACK","Blouse Back Design 4","Premium blouse back design for custom tailoring","https://res.cloudinary.com/dfyweag7e/image/upload/v1775741842/blouse/backdesigns/back_blouse_57_evumkh.png","in stock","0 INR","new","https://res.cloudinary.com/dfyweag7e/image/upload/v1775741842/blouse/backdesigns/back_blouse_57_evumkh.png","Multi","female","Apparel & Accessories > Clothing","India"
"BL-B-5","BLOUSE-BACK","Blouse Back Design 5","Premium blouse back design for custom tailoring","https://res.cloudinary.com/dfyweag7e/image/upload/v1775741841/blouse/backdesigns/back_blouse_56_duk4jy.png","in stock","0 INR","new","https://res.cloudinary.com/dfyweag7e/image/upload/v1775741841/blouse/backdesigns/back_blouse_56_duk4jy.png","Multi","female","Apparel & Accessories > Clothing","India"
"BL-B-6","BLOUSE-BACK","Blouse Back Design 6","Premium blouse back design for custom tailoring","https://res.cloudinary.com/dfyweag7e/image/upload/v1775741840/blouse/backdesigns/back_blouse_55_nn6i4g.png","in stock","0 INR","new","https://res.cloudinary.com/dfyweag7e/image/upload/v1775741840/blouse/backdesigns/back_blouse_55_nn6i4g.png","Multi","female","Apparel & Accessories > Clothing","India"
"BL-B-7","BLOUSE-BACK","Blouse Back Design 7","Premium blouse back design for custom tailoring","https://res.cloudinary.com/dfyweag7e/image/upload/v1775741840/blouse/backdesigns/back_blouse_54_kvbywv.png","in stock","0 INR","new","https://res.cloudinary.com/dfyweag7e/image/upload/v1775741840/blouse/backdesigns/back_blouse_54_kvbywv.png","Multi","female","Apparel & Accessories > Clothing","India"
"BL-B-8","BLOUSE-BACK","Blouse Back Design 8","Premium blouse back design for custom tailoring","https://res.cloudinary.com/dfyweag7e/image/upload/v1775741839/blouse/backdesigns/back_blouse_53_hiiuyt.png","in stock","0 INR","new","https://res.cloudinary.com/dfyweag7e/image/upload/v1775741839/blouse/backdesigns/back_blouse_53_hiiuyt.png","Multi","female","Apparel & Accessories > Clothing","India"
"BL-B-9","BLOUSE-BACK","Blouse Back Design 9","Premium blouse back design for custom tailoring","https://res.cloudinary.com/dfyweag7e/image/upload/v1775741839/blouse/backdesigns/back_blouse_52_mly91y.png","in stock","0 INR","new","https://res.cloudinary.com/dfyweag7e/image/upload/v1775741839/blouse/backdesigns/back_blouse_52_mly91y.png","Multi","female","Apparel & Accessories > Clothing","India"
"BL-B-10","BLOUSE-BACK","Blouse Back Design 10","Premium blouse back design for custom tailoring","https://res.cloudinary.com/dfyweag7e/image/upload/v1775741838/blouse/backdesigns/back_blouse_51_jd5shr.png","in stock","0 INR","new","https://res.cloudinary.com/dfyweag7e/image/upload/v1775741838/blouse/backdesigns/back_blouse_51_jd5shr.png","Multi","female","Apparel & Accessories > Clothing","India"
"BL-B-11","BLOUSE-BACK","Blouse Back Design 11","Premium blouse back design for custom tailoring","https://res.cloudinary.com/dfyweag7e/image/upload/v1775741838/blouse/backdesigns/back_blouse_50_qzjhww.png","in stock","0 INR","new","https://res.cloudinary.com/dfyweag7e/image/upload/v1775741838/blouse/backdesigns/back_blouse_50_qzjhww.png","Multi","female","Apparel & Accessories > Clothing","India"
"BL-B-12","BLOUSE-BACK","Blouse Back Design 12","Premium blouse back design for custom tailoring","https://res.cloudinary.com/dfyweag7e/image/upload/v1775741837/blouse/backdesigns/back_blouse_49_nfkcoq.png","in stock","0 INR","new","https://res.cloudinary.com/dfyweag7e/image/upload/v1775741837/blouse/backdesigns/back_blouse_49_nfkcoq.png","Multi","female","Apparel & Accessories > Clothing","India"
"BL-B-13","BLOUSE-BACK","Blouse Back Design 13","Premium blouse back design for custom tailoring","https://res.cloudinary.com/dfyweag7e/image/upload/v1775741836/blouse/backdesigns/back_blouse_48_nonmv8.png","in stock","0 INR","new","https://res.cloudinary.com/dfyweag7e/image/upload/v1775741836/blouse/backdesigns/back_blouse_48_nonmv8.png","Multi","female","Apparel & Accessories > Clothing","India"
"BL-B-14","BLOUSE-BACK","Blouse Back Design 14","Premium blouse back design for custom tailoring","https://res.cloudinary.com/dfyweag7e/image/upload/v1775741836/blouse/backdesigns/back_blouse_47_zryep4.png","in stock","0 INR","new","https://res.cloudinary.com/dfyweag7e/image/upload/v1775741836/blouse/backdesigns/back_blouse_47_zryep4.png","Multi","female","Apparel & Accessories > Clothing","India"
"BL-B-15","BLOUSE-BACK","Blouse Back Design 15","Premium blouse back design for custom tailoring","https://res.cloudinary.com/dfyweag7e/image/upload/v1775741835/blouse/backdesigns/back_blouse_45_lszf3s.png","in stock","0 INR","new","https://res.cloudinary.com/dfyweag7e/image/upload/v1775741835/blouse/backdesigns/back_blouse_45_lszf3s.png","Multi","female","Apparel & Accessories > Clothing","India"
"BL-B-16","BLOUSE-BACK","Blouse Back Design 16","Premium blouse back design for custom tailoring","https://res.cloudinary.com/dfyweag7e/image/upload/v1775741835/blouse/backdesigns/back_blouse_46_plvabe.png","in stock","0 INR","new","https://res.cloudinary.com/dfyweag7e/image/upload/v1775741835/blouse/backdesigns/back_blouse_46_plvabe.png","Multi","female","Apparel & Accessories > Clothing","India"
"BL-B-17","BLOUSE-BACK","Blouse Back Design 17","Premium blouse back design for custom tailoring","https://res.cloudinary.com/dfyweag7e/image/upload/v1775741834/blouse/backdesigns/back_blouse_44_fhmgrt.png","in stock","0 INR","new","https://res.cloudinary.com/dfyweag7e/image/upload/v1775741834/blouse/backdesigns/back_blouse_44_fhmgrt.png","Multi","female","Apparel & Accessories > Clothing","India"
"BL-B-18","BLOUSE-BACK","Blouse Back Design 18","Premium blouse back design for custom tailoring","https://res.cloudinary.com/dfyweag7e/image/upload/v1775741833/blouse/backdesigns/back_blouse_43_eocow4.png","in stock","0 INR","new","https://res.cloudinary.com/dfyweag7e/image/upload/v1775741833/blouse/backdesigns/back_blouse_43_eocow4.png","Multi","female","Apparel & Accessories > Clothing","India"
"BL-B-19","BLOUSE-BACK","Blouse Back Design 19","Premium blouse back design for custom tailoring","https://res.cloudinary.com/dfyweag7e/image/upload/v1775741833/blouse/backdesigns/back_blouse_42_okns7d.png","in stock","0 INR","new","https://res.cloudinary.com/dfyweag7e/image/upload/v1775741833/blouse/backdesigns/back_blouse_42_okns7d.png","Multi","female","Apparel & Accessories > Clothing","India"
"BL-B-20","BLOUSE-BACK","Blouse Back Design 20","Premium blouse back design for custom tailoring","https://res.cloudinary.com/dfyweag7e/image/upload/v1775741832/blouse/backdesigns/back_blouse_41_mopqk9.png","in stock","0 INR","new","https://res.cloudinary.com/dfyweag7e/image/upload/v1775741832/blouse/backdesigns/back_blouse_41_mopqk9.png","Multi","female","Apparel & Accessories > Clothing","India"
"BL-B-21","BLOUSE-BACK","Blouse Back Design 21","Premium blouse back design for custom tailoring","https://res.cloudinary.com/dfyweag7e/image/upload/v1775741832/blouse/backdesigns/back_blouse_40_tnyjea.png","in stock","0 INR","new","https://res.cloudinary.com/dfyweag7e/image/upload/v1775741832/blouse/backdesigns/back_blouse_40_tnyjea.png","Multi","female","Apparel & Accessories > Clothing","India"
"BL-B-22","BLOUSE-BACK","Blouse Back Design 22","Premium blouse back design for custom tailoring","https://res.cloudinary.com/dfyweag7e/image/upload/v1775741831/blouse/backdesigns/back_blouse_39_o0obkg.png","in stock","0 INR","new","https://res.cloudinary.com/dfyweag7e/image/upload/v1775741831/blouse/backdesigns/back_blouse_39_o0obkg.png","Multi","female","Apparel & Accessories > Clothing","India"
"BL-B-23","BLOUSE-BACK","Blouse Back Design 23","Premium blouse back design for custom tailoring","https://res.cloudinary.com/dfyweag7e/image/upload/v1775741830/blouse/backdesigns/back_blouse_38_e0ytlk.png","in stock","0 INR","new","https://res.cloudinary.com/dfyweag7e/image/upload/v1775741830/blouse/backdesigns/back_blouse_38_e0ytlk.png","Multi","female","Apparel & Accessories > Clothing","India"
"BL-B-24","BLOUSE-BACK","Blouse Back Design 24","Premium blouse back design for custom tailoring","https://res.cloudinary.com/dfyweag7e/image/upload/v1775741830/blouse/backdesigns/back_blouse_37_epwkn7.png","in stock","0 INR","new","https://res.cloudinary.com/dfyweag7e/image/upload/v1775741830/blouse/backdesigns/back_blouse_37_epwkn7.png","Multi","female","Apparel & Accessories > Clothing","India"
"BL-B-25","BLOUSE-BACK","Blouse Back Design 25","Premium blouse back design for custom tailoring","https://res.cloudinary.com/dfyweag7e/image/upload/v1775741830/blouse/backdesigns/back_blouse_36_gfew8d.png","in stock","0 INR","new","https://res.cloudinary.com/dfyweag7e/image/upload/v1775741830/blouse/backdesigns/back_blouse_36_gfew8d.png","Multi","female","Apparel & Accessories > Clothing","India"
"BL-B-26","BLOUSE-BACK","Blouse Back Design 26","Premium blouse back design for custom tailoring","https://res.cloudinary.com/dfyweag7e/image/upload/v1775741829/blouse/backdesigns/back_blouse_35_y4cwdy.png","in stock","0 INR","new","https://res.cloudinary.com/dfyweag7e/image/upload/v1775741829/blouse/backdesigns/back_blouse_35_y4cwdy.png","Multi","female","Apparel & Accessories > Clothing","India"
"BL-B-27","BLOUSE-BACK","Blouse Back Design 27","Premium blouse back design for custom tailoring","https://res.cloudinary.com/dfyweag7e/image/upload/v1775741828/blouse/backdesigns/back_blouse_34_avrgpt.png","in stock","0 INR","new","https://res.cloudinary.com/dfyweag7e/image/upload/v1775741828/blouse/backdesigns/back_blouse_34_avrgpt.png","Multi","female","Apparel & Accessories > Clothing","India"
"BL-B-28","BLOUSE-BACK","Blouse Back Design 28","Premium blouse back design for custom tailoring","https://res.cloudinary.com/dfyweag7e/image/upload/v1775741828/blouse/backdesigns/back_blouse_33_bztpse.png","in stock","0 INR","new","https://res.cloudinary.com/dfyweag7e/image/upload/v1775741828/blouse/backdesigns/back_blouse_33_bztpse.png","Multi","female","Apparel & Accessories > Clothing","India"
"BL-B-29","BLOUSE-BACK","Blouse Back Design 29","Premium blouse back design for custom tailoring","https://res.cloudinary.com/dfyweag7e/image/upload/v1775741827/blouse/backdesigns/back_blouse_32_hckgsi.png","in stock","0 INR","new","https://res.cloudinary.com/dfyweag7e/image/upload/v1775741827/blouse/backdesigns/back_blouse_32_hckgsi.png","Multi","female","Apparel & Accessories > Clothing","India"
"BL-B-30","BLOUSE-BACK","Blouse Back Design 30","Premium blouse back design for custom tailoring","https://res.cloudinary.com/dfyweag7e/image/upload/v1775741827/blouse/backdesigns/back_blouse_31_a4tfri.png","in stock","0 INR","new","https://res.cloudinary.com/dfyweag7e/image/upload/v1775741827/blouse/backdesigns/back_blouse_31_a4tfri.png","Multi","female","Apparel & Accessories > Clothing","India"
"BL-B-31","BLOUSE-BACK","Blouse Back Design 31","Premium blouse back design for custom tailoring","https://res.cloudinary.com/dfyweag7e/image/upload/v1775741826/blouse/backdesigns/back_blouse_30_htfgud.png","in stock","0 INR","new","https://res.cloudinary.com/dfyweag7e/image/upload/v1775741826/blouse/backdesigns/back_blouse_30_htfgud.png","Multi","female","Apparel & Accessories > Clothing","India"
"BL-B-32","BLOUSE-BACK","Blouse Back Design 32","Premium blouse back design for custom tailoring","https://res.cloudinary.com/dfyweag7e/image/upload/v1775741826/blouse/backdesigns/back_blouse_29_kdfucb.png","in stock","0 INR","new","https://res.cloudinary.com/dfyweag7e/image/upload/v1775741826/blouse/backdesigns/back_blouse_29_kdfucb.png","Multi","female","Apparel & Accessories > Clothing","India"
"BL-B-33","BLOUSE-BACK","Blouse Back Design 33","Premium blouse back design for custom tailoring","https://res.cloudinary.com/dfyweag7e/image/upload/v1775741826/blouse/backdesigns/back_blouse_28_tbbfpu.png","in stock","0 INR","new","https://res.cloudinary.com/dfyweag7e/image/upload/v1775741826/blouse/backdesigns/back_blouse_28_tbbfpu.png","Multi","female","Apparel & Accessories > Clothing","India"
"BL-B-34","BLOUSE-BACK","Blouse Back Design 34","Premium blouse back design for custom tailoring","https://res.cloudinary.com/dfyweag7e/image/upload/v1775741825/blouse/backdesigns/back_blouse_27_mrmr64.png","in stock","0 INR","new","https://res.cloudinary.com/dfyweag7e/image/upload/v1775741825/blouse/backdesigns/back_blouse_27_mrmr64.png","Multi","female","Apparel & Accessories > Clothing","India"
"BL-B-35","BLOUSE-BACK","Blouse Back Design 35","Premium blouse back design for custom tailoring","https://res.cloudinary.com/dfyweag7e/image/upload/v1775741825/blouse/backdesigns/back_blouse_26_gwjdwa.png","in stock","0 INR","new","https://res.cloudinary.com/dfyweag7e/image/upload/v1775741825/blouse/backdesigns/back_blouse_26_gwjdwa.png","Multi","female","Apparel & Accessories > Clothing","India"
"BL-B-36","BLOUSE-BACK","Blouse Back Design 36","Premium blouse back design for custom tailoring","https://res.cloudinary.com/dfyweag7e/image/upload/v1775741824/blouse/backdesigns/back_blouse_25_io2zlf.png","in stock","0 INR","new","https://res.cloudinary.com/dfyweag7e/image/upload/v1775741824/blouse/backdesigns/back_blouse_25_io2zlf.png","Multi","female","Apparel & Accessories > Clothing","India"
"BL-B-37","BLOUSE-BACK","Blouse Back Design 37","Premium blouse back design for custom tailoring","https://res.cloudinary.com/dfyweag7e/image/upload/v1775741823/blouse/backdesigns/back_blouse_24_nctcg3.png","in stock","0 INR","new","https://res.cloudinary.com/dfyweag7e/image/upload/v1775741823/blouse/backdesigns/back_blouse_24_nctcg3.png","Multi","female","Apparel & Accessories > Clothing","India"
"BL-B-38","BLOUSE-BACK","Blouse Back Design 38","Premium blouse back design for custom tailoring","https://res.cloudinary.com/dfyweag7e/image/upload/v1775741823/blouse/backdesigns/back_blouse_23_auvj3i.png","in stock","0 INR","new","https://res.cloudinary.com/dfyweag7e/image/upload/v1775741823/blouse/backdesigns/back_blouse_23_auvj3i.png","Multi","female","Apparel & Accessories > Clothing","India"
"BL-B-39","BLOUSE-BACK","Blouse Back Design 39","Premium blouse back design for custom tailoring","https://res.cloudinary.com/dfyweag7e/image/upload/v1775741823/blouse/backdesigns/back_blouse_22_yacyda.png","in stock","0 INR","new","https://res.cloudinary.com/dfyweag7e/image/upload/v1775741823/blouse/backdesigns/back_blouse_22_yacyda.png","Multi","female","Apparel & Accessories > Clothing","India"
"BL-SL-1","BLOUSE-SLEEVE","Blouse Sleeve Design 1","Premium blouse sleeve design for custom tailoring","https://res.cloudinary.com/dfyweag7e/image/upload/v1775741881/blouse/sleevedesign/sleeve_blouse_74_am8cbt.png","in stock","0 INR","new","https://res.cloudinary.com/dfyweag7e/image/upload/v1775741881/blouse/sleevedesign/sleeve_blouse_74_am8cbt.png","Multi","female","Apparel & Accessories > Clothing","India"
"BL-SL-2","BLOUSE-SLEEVE","Blouse Sleeve Design 2","Premium blouse sleeve design for custom tailoring","https://res.cloudinary.com/dfyweag7e/image/upload/v1775741880/blouse/sleevedesign/sleeve_blouse_73_f3yakv.png","in stock","0 INR","new","https://res.cloudinary.com/dfyweag7e/image/upload/v1775741880/blouse/sleevedesign/sleeve_blouse_73_f3yakv.png","Multi","female","Apparel & Accessories > Clothing","India"
"BL-SL-3","BLOUSE-SLEEVE","Blouse Sleeve Design 3","Premium blouse sleeve design for custom tailoring","https://res.cloudinary.com/dfyweag7e/image/upload/v1775741880/blouse/sleevedesign/sleeve_blouse_72_f94gyh.png","in stock","0 INR","new","https://res.cloudinary.com/dfyweag7e/image/upload/v1775741880/blouse/sleevedesign/sleeve_blouse_72_f94gyh.png","Multi","female","Apparel & Accessories > Clothing","India"
"BL-SL-4","BLOUSE-SLEEVE","Blouse Sleeve Design 4","Premium blouse sleeve design for custom tailoring","https://res.cloudinary.com/dfyweag7e/image/upload/v1775741879/blouse/sleevedesign/sleeve_blouse_71_dekszr.png","in stock","0 INR","new","https://res.cloudinary.com/dfyweag7e/image/upload/v1775741879/blouse/sleevedesign/sleeve_blouse_71_dekszr.png","Multi","female","Apparel & Accessories > Clothing","India"
"BL-SL-5","BLOUSE-SLEEVE","Blouse Sleeve Design 5","Premium blouse sleeve design for custom tailoring","https://res.cloudinary.com/dfyweag7e/image/upload/v1775741878/blouse/sleevedesign/sleeve_blouse_70_bg0q29.png","in stock","0 INR","new","https://res.cloudinary.com/dfyweag7e/image/upload/v1775741878/blouse/sleevedesign/sleeve_blouse_70_bg0q29.png","Multi","female","Apparel & Accessories > Clothing","India"
"BL-SL-6","BLOUSE-SLEEVE","Blouse Sleeve Design 6","Premium blouse sleeve design for custom tailoring","https://res.cloudinary.com/dfyweag7e/image/upload/v1775741877/blouse/sleevedesign/sleeve_blouse_69_fcevbi.png","in stock","0 INR","new","https://res.cloudinary.com/dfyweag7e/image/upload/v1775741877/blouse/sleevedesign/sleeve_blouse_69_fcevbi.png","Multi","female","Apparel & Accessories > Clothing","India"
"BL-SL-7","BLOUSE-SLEEVE","Blouse Sleeve Design 7","Premium blouse sleeve design for custom tailoring","https://res.cloudinary.com/dfyweag7e/image/upload/v1775741877/blouse/sleevedesign/sleeve_blouse_68_hzvmoq.png","in stock","0 INR","new","https://res.cloudinary.com/dfyweag7e/image/upload/v1775741877/blouse/sleevedesign/sleeve_blouse_68_hzvmoq.png","Multi","female","Apparel & Accessories > Clothing","India"
"BL-SL-8","BLOUSE-SLEEVE","Blouse Sleeve Design 8","Premium blouse sleeve design for custom tailoring","https://res.cloudinary.com/dfyweag7e/image/upload/v1775741876/blouse/sleevedesign/sleeve_blouse_67_z1w6zx.png","in stock","0 INR","new","https://res.cloudinary.com/dfyweag7e/image/upload/v1775741876/blouse/sleevedesign/sleeve_blouse_67_z1w6zx.png","Multi","female","Apparel & Accessories > Clothing","India"
"BL-SL-9","BLOUSE-SLEEVE","Blouse Sleeve Design 9","Premium blouse sleeve design for custom tailoring","https://res.cloudinary.com/dfyweag7e/image/upload/v1775741876/blouse/sleevedesign/sleeve_blouse_66_tloubd.png","in stock","0 INR","new","https://res.cloudinary.com/dfyweag7e/image/upload/v1775741876/blouse/sleevedesign/sleeve_blouse_66_tloubd.png","Multi","female","Apparel & Accessories > Clothing","India"
"BL-SL-10","BLOUSE-SLEEVE","Blouse Sleeve Design 10","Premium blouse sleeve design for custom tailoring","https://res.cloudinary.com/dfyweag7e/image/upload/v1775741875/blouse/sleevedesign/sleeve_blouse_65_kjdtlz.png","in stock","0 INR","new","https://res.cloudinary.com/dfyweag7e/image/upload/v1775741875/blouse/sleevedesign/sleeve_blouse_65_kjdtlz.png","Multi","female","Apparel & Accessories > Clothing","India"
"BL-SL-11","BLOUSE-SLEEVE","Blouse Sleeve Design 11","Premium blouse sleeve design for custom tailoring","https://res.cloudinary.com/dfyweag7e/image/upload/v1775741874/blouse/sleevedesign/sleeve_blouse_64_yormzn.png","in stock","0 INR","new","https://res.cloudinary.com/dfyweag7e/image/upload/v1775741874/blouse/sleevedesign/sleeve_blouse_64_yormzn.png","Multi","female","Apparel & Accessories > Clothing","India"
"BL-SL-12","BLOUSE-SLEEVE","Blouse Sleeve Design 12","Premium blouse sleeve design for custom tailoring","https://res.cloudinary.com/dfyweag7e/image/upload/v1775741874/blouse/sleevedesign/sleeve_blouse_63_v5bsfl.png","in stock","0 INR","new","https://res.cloudinary.com/dfyweag7e/image/upload/v1775741874/blouse/sleevedesign/sleeve_blouse_63_v5bsfl.png","Multi","female","Apparel & Accessories > Clothing","India"
"BL-SL-13","BLOUSE-SLEEVE","Blouse Sleeve Design 13","Premium blouse sleeve design for custom tailoring","https://res.cloudinary.com/dfyweag7e/image/upload/v1775741873/blouse/sleevedesign/sleeve_blouse_62_htcl7w.png","in stock","0 INR","new","https://res.cloudinary.com/dfyweag7e/image/upload/v1775741873/blouse/sleevedesign/sleeve_blouse_62_htcl7w.png","Multi","female","Apparel & Accessories > Clothing","India"
"BL-SL-14","BLOUSE-SLEEVE","Blouse Sleeve Design 14","Premium blouse sleeve design for custom tailoring","https://res.cloudinary.com/dfyweag7e/image/upload/v1775741872/blouse/sleevedesign/sleeve_blouse_61_z0y4ju.png","in stock","0 INR","new","https://res.cloudinary.com/dfyweag7e/image/upload/v1775741872/blouse/sleevedesign/sleeve_blouse_61_z0y4ju.png","Multi","female","Apparel & Accessories > Clothing","India"
"BL-ST-1","BLOUSE-STYLE","Blouse Style Design 1","Premium blouse style design for custom tailoring","https://res.cloudinary.com/dfyweag7e/image/upload/v1775741860/blouse/designstyle/princesscutwithwaistband_hfskyn.png","in stock","0 INR","new","https://res.cloudinary.com/dfyweag7e/image/upload/v1775741860/blouse/designstyle/princesscutwithwaistband_hfskyn.png","Multi","female","Apparel & Accessories > Clothing","India"
"BL-ST-2","BLOUSE-STYLE","Blouse Style Design 2","Premium blouse style design for custom tailoring","https://res.cloudinary.com/dfyweag7e/image/upload/v1775741859/blouse/designstyle/princesscutblouse_dq89ce.png","in stock","0 INR","new","https://res.cloudinary.com/dfyweag7e/image/upload/v1775741859/blouse/designstyle/princesscutblouse_dq89ce.png","Multi","female","Apparel & Accessories > Clothing","India"
"BL-ST-3","BLOUSE-STYLE","Blouse Style Design 3","Premium blouse style design for custom tailoring","https://res.cloudinary.com/dfyweag7e/image/upload/v1775741859/blouse/designstyle/katoristyleblouse_tinbjl.png","in stock","0 INR","new","https://res.cloudinary.com/dfyweag7e/image/upload/v1775741859/blouse/designstyle/katoristyleblouse_tinbjl.png","Multi","female","Apparel & Accessories > Clothing","India"
"BL-ST-4","BLOUSE-STYLE","Blouse Style Design 4","Premium blouse style design for custom tailoring","https://res.cloudinary.com/dfyweag7e/image/upload/v1775741859/blouse/designstyle/dartblouse_i5oasd.png","in stock","0 INR","new","https://res.cloudinary.com/dfyweag7e/image/upload/v1775741859/blouse/designstyle/dartblouse_i5oasd.png","Multi","female","Apparel & Accessories > Clothing","India"