"retailer_id","name","image_url","category","group","price","availability"
"BL-F-1","front_blouse_21_ltiq8y","https://res.cloudinary.com/dfyweag7e/image/upload/v1775741777/blouse/frontdesigns/front_blouse_21_ltiq8y.png","blouse","front",0,"in stock"
"BL-F-2","front_blouse_20_j2yitj","https://res.cloudinary.com/dfyweag7e/image/upload/v1775741776/blouse/frontdesigns/front_blouse_20_j2yitj.png","blouse","front",0,"in stock"
"BL-F-3","front_blouse_19_uhfkkl","https://res.cloudinary.com/dfyweag7e/image/upload/v1775741776/blouse/frontdesigns/front_blouse_19_uhfkkl.png","blouse","front",0,"in stock"
"BL-F-4","front_blouse_18_mtssqd","https://res.cloudinary.com/dfyweag7e/image/upload/v1775741775/blouse/frontdesigns/front_blouse_18_mtssqd.png","blouse","front",0,"in stock"
"BL-F-5","front_blouse_17_ry0whl","https://res.cloudinary.com/dfyweag7e/image/upload/v1775741775/blouse/frontdesigns/front_blouse_17_ry0whl.png","blouse","front",0,"in stock"
"BL-F-6","front_blouse_16_kkjb2f","https://res.cloudinary.com/dfyweag7e/image/upload/v1775741774/blouse/frontdesigns/front_blouse_16_kkjb2f.png","blouse","front",0,"in stock"
"BL-F-7","front_blouse_14_l1viiz","https://res.cloudinary.com/dfyweag7e/image/upload/v1775741774/blouse/frontdesigns/front_blouse_14_l1viiz.png","blouse","front",0,"in stock"
"BL-F-8","front_blouse_15_z1a92r","https://res.cloudinary.com/dfyweag7e/image/upload/v1775741774/blouse/frontdesigns/front_blouse_15_z1a92r.png","blouse","front",0,"in stock"
"BL-F-9","front_blouse_13_ovubch","https://res.cloudinary.com/dfyweag7e/image/upload/v1775741773/blouse/frontdesigns/front_blouse_13_ovubch.png","blouse","front",0,"in stock"
"BL-F-10","front_blouse_12_fvo9ds","https://res.cloudinary.com/dfyweag7e/image/upload/v1775741773/blouse/frontdesigns/front_blouse_12_fvo9ds.png","blouse","front",0,"in stock"
"BL-F-11","front_blouse_11_dmyzm2","https://res.cloudinary.com/dfyweag7e/image/upload/v1775741772/blouse/frontdesigns/front_blouse_11_dmyzm2.png","blouse","front",0,"in stock"
"BL-F-12","front_blouse_10_b7cdwi","https://res.cloudinary.com/dfyweag7e/image/upload/v1775741772/blouse/frontdesigns/front_blouse_10_b7cdwi.png","blouse","front",0,"in stock"
"BL-F-13","front_blouse_9_geybbt","https://res.cloudinary.com/dfyweag7e/image/upload/v1775741771/blouse/frontdesigns/front_blouse_9_geybbt.png","blouse","front",0,"in stock"
"BL-F-14","front_blouse_6_xppbkk","https://res.cloudinary.com/dfyweag7e/image/upload/v1775741771/blouse/frontdesigns/front_blouse_6_xppbkk.png","blouse","front",0,"in stock"
"BL-F-15","front_blouse_8_tamkzx","https://res.cloudinary.com/dfyweag7e/image/upload/v1775741771/blouse/frontdesigns/front_blouse_8_tamkzx.png","blouse","front",0,"in stock"
"BL-F-16","front_blouse_7_jrzair","https://res.cloudinary.com/dfyweag7e/image/upload/v1775741771/blouse/frontdesigns/front_blouse_7_jrzair.png","blouse","front",0,"in stock"
"BL-F-17","front_blouse_5_if5wwk","https://res.cloudinary.com/dfyweag7e/image/upload/v1775741771/blouse/frontdesigns/front_blouse_5_if5wwk.png","blouse","front",0,"in stock"
"BL-F-18","front_blouse_3_pqkfq6","https://res.cloudinary.com/dfyweag7e/image/upload/v1775741770/blouse/frontdesigns/front_blouse_3_pqkfq6.png","blouse","front",0,"in stock"
"BL-F-19","front_blouse_4_pm7vec","https://res.cloudinary.com/dfyweag7e/image/upload/v1775741770/blouse/frontdesigns/front_blouse_4_pm7vec.png","blouse","front",0,"in stock"
"BL-F-20","front_blouse_2_xutz9i","https://res.cloudinary.com/dfyweag7e/image/upload/v1775741770/blouse/frontdesigns/front_blouse_2_xutz9i.png","blouse","front",0,"in stock"
"BL-F-21","front_blouse_1_zvkcux","https://res.cloudinary.com/dfyweag7e/image/upload/v1775741770/blouse/frontdesigns/front_blouse_1_zvkcux.png","blouse","front",0,"in stock"
"BL-B-1","back_blouse_60_k8dxbz","https://res.cloudinary.com/dfyweag7e/image/upload/v1775741844/blouse/backdesigns/back_blouse_60_k8dxbz.png","blouse","back",0,"in stock"
"BL-B-2","back_blouse_59_ljprjw","https://res.cloudinary.com/dfyweag7e/image/upload/v1775741843/blouse/backdesigns/back_blouse_59_ljprjw.png","blouse","back",0,"in stock"
"BL-B-3","back_blouse_58_kbeuck","https://res.cloudinary.com/dfyweag7e/image/upload/v1775741842/blouse/backdesigns/back_blouse_58_kbeuck.png","blouse","back",0,"in stock"
"BL-B-4","back_blouse_57_evumkh","https://res.cloudinary.com/dfyweag7e/image/upload/v1775741842/blouse/backdesigns/back_blouse_57_evumkh.png","blouse","back",0,"in stock"
"BL-B-5","back_blouse_56_duk4jy","https://res.cloudinary.com/dfyweag7e/image/upload/v1775741841/blouse/backdesigns/back_blouse_56_duk4jy.png","blouse","back",0,"in stock"
"BL-B-6","back_blouse_55_nn6i4g","https://res.cloudinary.com/dfyweag7e/image/upload/v1775741840/blouse/backdesigns/back_blouse_55_nn6i4g.png","blouse","back",0,"in stock"
"BL-B-7","back_blouse_54_kvbywv","https://res.cloudinary.com/dfyweag7e/image/upload/v1775741840/blouse/backdesigns/back_blouse_54_kvbywv.png","blouse","back",0,"in stock"
"BL-B-8","back_blouse_53_hiiuyt","https://res.cloudinary.com/dfyweag7e/image/upload/v1775741839/blouse/backdesigns/back_blouse_53_hiiuyt.png","blouse","back",0,"in stock"
"BL-B-9","back_blouse_52_mly91y","https://res.cloudinary.com/dfyweag7e/image/upload/v1775741839/blouse/backdesigns/back_blouse_52_mly91y.png","blouse","back",0,"in stock"
"BL-B-10","back_blouse_51_jd5shr","https://res.cloudinary.com/dfyweag7e/image/upload/v1775741838/blouse/backdesigns/back_blouse_51_jd5shr.png","blouse","back",0,"in stock"
"BL-B-11","back_blouse_50_qzjhww","https://res.cloudinary.com/dfyweag7e/image/upload/v1775741838/blouse/backdesigns/back_blouse_50_qzjhww.png","blouse","back",0,"in stock"
"BL-B-12","back_blouse_49_nfkcoq","https://res.cloudinary.com/dfyweag7e/image/upload/v1775741837/blouse/backdesigns/back_blouse_49_nfkcoq.png","blouse","back",0,"in stock"
"BL-B-13","back_blouse_48_nonmv8","https://res.cloudinary.com/dfyweag7e/image/upload/v1775741836/blouse/backdesigns/back_blouse_48_nonmv8.png","blouse","back",0,"in stock"
"BL-B-14","back_blouse_47_zryep4","https://res.cloudinary.com/dfyweag7e/image/upload/v1775741836/blouse/backdesigns/back_blouse_47_zryep4.png","blouse","back",0,"in stock"
"BL-B-15","back_blouse_45_lszf3s","https://res.cloudinary.com/dfyweag7e/image/upload/v1775741835/blouse/backdesigns/back_blouse_45_lszf3s.png","blouse","back",0,"in stock"
"BL-B-16","back_blouse_46_plvabe","https://res.cloudinary.com/dfyweag7e/image/upload/v1775741835/blouse/backdesigns/back_blouse_46_plvabe.png","blouse","back",0,"in stock"
"BL-B-17","back_blouse_44_fhmgrt","https://res.cloudinary.com/dfyweag7e/image/upload/v1775741834/blouse/backdesigns/back_blouse_44_fhmgrt.png","blouse","back",0,"in stock"
"BL-B-18","back_blouse_43_eocow4","https://res.cloudinary.com/dfyweag7e/image/upload/v1775741833/blouse/backdesigns/back_blouse_43_eocow4.png","blouse","back",0,"in stock"
"BL-B-19","back_blouse_42_okns7d","https://res.cloudinary.com/dfyweag7e/image/upload/v1775741833/blouse/backdesigns/back_blouse_42_okns7d.png","blouse","back",0,"in stock"
"BL-B-20","back_blouse_41_mopqk9","https://res.cloudinary.com/dfyweag7e/image/upload/v1775741832/blouse/backdesigns/back_blouse_41_mopqk9.png","blouse","back",0,"in stock"
"BL-B-21","back_blouse_40_tnyjea","https://res.cloudinary.com/dfyweag7e/image/upload/v1775741832/blouse/backdesigns/back_blouse_40_tnyjea.png","blouse","back",0,"in stock"
"BL-B-22","back_blouse_39_o0obkg","https://res.cloudinary.com/dfyweag7e/image/upload/v1775741831/blouse/backdesigns/back_blouse_39_o0obkg.png","blouse","back",0,"in stock"
"BL-B-23","back_blouse_38_e0ytlk","https://res.cloudinary.com/dfyweag7e/image/upload/v1775741830/blouse/backdesigns/back_blouse_38_e0ytlk.png","blouse","back",0,"in stock"
"BL-B-24","back_blouse_37_epwkn7","https://res.cloudinary.com/dfyweag7e/image/upload/v1775741830/blouse/backdesigns/back_blouse_37_epwkn7.png","blouse","back",0,"in stock"
"BL-B-25","back_blouse_36_gfew8d","https://res.cloudinary.com/dfyweag7e/image/upload/v1775741830/blouse/backdesigns/back_blouse_36_gfew8d.png","blouse","back",0,"in stock"
"BL-B-26","back_blouse_35_y4cwdy","https://res.cloudinary.com/dfyweag7e/image/upload/v1775741829/blouse/backdesigns/back_blouse_35_y4cwdy.png","blouse","back",0,"in stock"
"BL-B-27","back_blouse_34_avrgpt","https://res.cloudinary.com/dfyweag7e/image/upload/v1775741828/blouse/backdesigns/back_blouse_34_avrgpt.png","blouse","back",0,"in stock"
"BL-B-28","back_blouse_33_bztpse","https://res.cloudinary.com/dfyweag7e/image/upload/v1775741828/blouse/backdesigns/back_blouse_33_bztpse.png","blouse","back",0,"in stock"
"BL-B-29","back_blouse_32_hckgsi","https://res.cloudinary.com/dfyweag7e/image/upload/v1775741827/blouse/backdesigns/back_blouse_32_hckgsi.png","blouse","back",0,"in stock"
"BL-B-30","back_blouse_31_a4tfri","https://res.cloudinary.com/dfyweag7e/image/upload/v1775741827/blouse/backdesigns/back_blouse_31_a4tfri.png","blouse","back",0,"in stock"
"BL-B-31","back_blouse_30_htfgud","https://res.cloudinary.com/dfyweag7e/image/upload/v1775741826/blouse/backdesigns/back_blouse_30_htfgud.png","blouse","back",0,"in stock"
"BL-B-32","back_blouse_29_kdfucb","https://res.cloudinary.com/dfyweag7e/image/upload/v1775741826/blouse/backdesigns/back_blouse_29_kdfucb.png","blouse","back",0,"in stock"
"BL-B-33","back_blouse_28_tbbfpu","https://res.cloudinary.com/dfyweag7e/image/upload/v1775741826/blouse/backdesigns/back_blouse_28_tbbfpu.png","blouse","back",0,"in stock"
"BL-B-34","back_blouse_27_mrmr64","https://res.cloudinary.com/dfyweag7e/image/upload/v1775741825/blouse/backdesigns/back_blouse_27_mrmr64.png","blouse","back",0,"in stock"
"BL-B-35","back_blouse_26_gwjdwa","https://res.cloudinary.com/dfyweag7e/image/upload/v1775741825/blouse/backdesigns/back_blouse_26_gwjdwa.png","blouse","back",0,"in stock"
"BL-B-36","back_blouse_25_io2zlf","https://res.cloudinary.com/dfyweag7e/image/upload/v1775741824/blouse/backdesigns/back_blouse_25_io2zlf.png","blouse","back",0,"in stock"
"BL-B-37","back_blouse_24_nctcg3","https://res.cloudinary.com/dfyweag7e/image/upload/v1775741823/blouse/backdesigns/back_blouse_24_nctcg3.png","blouse","back",0,"in stock"
"BL-B-38","back_blouse_23_auvj3i","https://res.cloudinary.com/dfyweag7e/image/upload/v1775741823/blouse/backdesigns/back_blouse_23_auvj3i.png","blouse","back",0,"in stock"
"BL-B-39","back_blouse_22_yacyda","https://res.cloudinary.com/dfyweag7e/image/upload/v1775741823/blouse/backdesigns/back_blouse_22_yacyda.png","blouse","back",0,"in stock"
"BL-SL-1","sleeve_blouse_74_am8cbt","https://res.cloudinary.com/dfyweag7e/image/upload/v1775741881/blouse/sleevedesign/sleeve_blouse_74_am8cbt.png","blouse","sleeve",0,"in stock"
"BL-SL-2","sleeve_blouse_73_f3yakv","https://res.cloudinary.com/dfyweag7e/image/upload/v1775741880/blouse/sleevedesign/sleeve_blouse_73_f3yakv.png","blouse","sleeve",0,"in stock"
"BL-SL-3","sleeve_blouse_72_f94gyh","https://res.cloudinary.com/dfyweag7e/image/upload/v1775741880/blouse/sleevedesign/sleeve_blouse_72_f94gyh.png","blouse","sleeve",0,"in stock"
"BL-SL-4","sleeve_blouse_71_dekszr","https://res.cloudinary.com/dfyweag7e/image/upload/v1775741879/blouse/sleevedesign/sleeve_blouse_71_dekszr.png","blouse","sleeve",0,"in stock"
"BL-SL-5","sleeve_blouse_70_bg0q29","https://res.cloudinary.com/dfyweag7e/image/upload/v1775741878/blouse/sleevedesign/sleeve_blouse_70_bg0q29.png","blouse","sleeve",0,"in stock"
"BL-SL-6","sleeve_blouse_69_fcevbi","https://res.cloudinary.com/dfyweag7e/image/upload/v1775741877/blouse/sleevedesign/sleeve_blouse_69_fcevbi.png","blouse","sleeve",0,"in stock"
"BL-SL-7","sleeve_blouse_68_hzvmoq","https://res.cloudinary.com/dfyweag7e/image/upload/v1775741877/blouse/sleevedesign/sleeve_blouse_68_hzvmoq.png","blouse","sleeve",0,"in stock"
"BL-SL-8","sleeve_blouse_67_z1w6zx","https://res.cloudinary.com/dfyweag7e/image/upload/v1775741876/blouse/sleevedesign/sleeve_blouse_67_z1w6zx.png","blouse","sleeve",0,"in stock"
"BL-SL-9","sleeve_blouse_66_tloubd","https://res.cloudinary.com/dfyweag7e/image/upload/v1775741876/blouse/sleevedesign/sleeve_blouse_66_tloubd.png","blouse","sleeve",0,"in stock"
"BL-SL-10","sleeve_blouse_65_kjdtlz","https://res.cloudinary.com/dfyweag7e/image/upload/v1775741875/blouse/sleevedesign/sleeve_blouse_65_kjdtlz.png","blouse","sleeve",0,"in stock"
"BL-SL-11","sleeve_blouse_64_yormzn","https://res.cloudinary.com/dfyweag7e/image/upload/v1775741874/blouse/sleevedesign/sleeve_blouse_64_yormzn.png","blouse","sleeve",0,"in stock"
"BL-SL-12","sleeve_blouse_63_v5bsfl","https://res.cloudinary.com/dfyweag7e/image/upload/v1775741874/blouse/sleevedesign/sleeve_blouse_63_v5bsfl.png","blouse","sleeve",0,"in stock"
"BL-SL-13","sleeve_blouse_62_htcl7w","https://res.cloudinary.com/dfyweag7e/image/upload/v1775741873/blouse/sleevedesign/sleeve_blouse_62_htcl7w.png","blouse","sleeve",0,"in stock"
"BL-SL-14","sleeve_blouse_61_z0y4ju","https://res.cloudinary.com/dfyweag7e/image/upload/v1775741872/blouse/sleevedesign/sleeve_blouse_61_z0y4ju.png","blouse","sleeve",0,"in stock"
"BL-ST-1","princesscutwithwaistband_hfskyn","https://res.cloudinary.com/dfyweag7e/image/upload/v1775741860/blouse/designstyle/princesscutwithwaistband_hfskyn.png","blouse","style",0,"in stock"
"BL-ST-2","princesscutblouse_dq89ce","https://res.cloudinary.com/dfyweag7e/image/upload/v1775741859/blouse/designstyle/princesscutblouse_dq89ce.png","blouse","style",0,"in stock"
"BL-ST-3","katoristyleblouse_tinbjl","https://res.cloudinary.com/dfyweag7e/image/upload/v1775741859/blouse/designstyle/katoristyleblouse_tinbjl.png","blouse","style",0,"in stock"
"BL-ST-4","dartblouse_i5oasd","https://res.cloudinary.com/dfyweag7e/image/upload/v1775741859/blouse/designstyle/dartblouse_i5oasd.png","blouse","style",0,"in stock"